MatchDate,HomeTeam,HomeGoals,AwayTeam,AwayGoals,HomeTeamRating,AwayTeamRating,HomePrevious,AwayPrevious,MatchResult
2023-05-28,Arsenal,5,Wolverhampton Wanderers,0,81.36363636363636,77.72727272727273,WWWWW,DDLDL,1
2023-05-28,Aston Villa,2,Brighton & Hove Albion,1,81.0909090909091,77.45454545454545,LLLWL,LWWDW,1
2023-05-28,Brentford,1,Manchester City,0,75.81818181818181,86.0909090909091,DDLWD,WWDWW,1
2023-05-28,Chelsea,1,Newcastle United,1,83.0,80.9090909090909,LWLDW,LDDDW,0
2023-05-28,Crystal Palace,1,Nottingham Forest,1,77.0,78.63636363636364,DLWDL,LLDWL,0
2023-05-28,Everton,1,AFC Bournemouth,0,76.9090909090909,74.0,DDDLL,DLLLW,1
2023-05-28,Leeds United,1,Tottenham Hotspur,4,77.9090909090909,82.27272727272727,DLWDW,DWWDW,2
2023-05-28,Leicester City,2,West Ham United,1,77.72727272727273,79.54545454545455,LLLLD,DWLLL,1
2023-05-28,Manchester United,2,Fulham,1,83.36363636363636,76.72727272727273,WWWLL,WLWDD,1
2023-05-28,Southampton,4,Liverpool,4,74.63636363636364,84.0909090909091,WLWDL,WWLDD,0
2023-05-25,Manchester United,4,Chelsea,1,83.36363636363636,82.9090909090909,WWWLL,LWLDW,1
2023-05-24,Brighton & Hove Albion,1,Manchester City,1,79.63636363636364,85.72727272727273,LWWDW,WWDWW,0
2023-05-22,Newcastle United,0,Leicester City,0,79.9090909090909,77.72727272727273,LDDDW,LLLLD,0
2023-05-21,West Ham United,3,Leeds United,1,79.36363636363636,77.9090909090909,DWLLL,DLWDW,1
2023-05-21,Brighton & Hove Albion,3,Southampton,1,79.63636363636364,74.72727272727273,LWWDW,WLWDL,1
2023-05-21,Manchester City,1,Chelsea,0,85.72727272727273,82.9090909090909,WWDWW,LWLDW,1
2023-05-20,Tottenham Hotspur,1,Brentford,3,82.27272727272727,76.63636363636364,DWWDW,DDLWD,2
2023-05-20,AFC Bournemouth,0,Manchester United,1,76.36363636363636,83.0,DLLLW,WWWLL,2
2023-05-20,Fulham,2,Crystal Palace,2,78.0909090909091,78.81818181818181,WLWDD,DLWDL,0
2023-05-20,Liverpool,1,Aston Villa,1,85.0909090909091,77.9090909090909,WWLDD,LLLWL,0
2023-05-20,Wolverhampton Wanderers,1,Everton,1,78.0909090909091,77.18181818181819,DDLDL,DDDLL,0
2023-05-20,Nottingham Forest,1,Arsenal,0,76.27272727272727,81.18181818181819,LLDWL,WWWWW,1
2023-05-18,Newcastle United,4,Brighton & Hove Albion,1,80.45454545454545,79.54545454545455,LDDDW,LWWDW,1
2023-05-15,Leicester City,0,Liverpool,3,77.63636363636364,85.0909090909091,LLLLD,WWLDD,2
2023-05-14,Brentford,2,West Ham United,0,76.63636363636364,79.36363636363636,DDLWD,DWLLL,1
2023-05-14,Everton,0,Manchester City,3,76.9090909090909,84.9090909090909,DDDLL,WWDWW,2
2023-05-14,Arsenal,0,Brighton & Hove Albion,3,81.18181818181819,79.54545454545455,WWWWW,LWWDW,2
2023-05-13,Leeds United,2,Newcastle United,2,80.0,80.45454545454545,DLWDW,LDDDW,0
2023-05-13,Aston Villa,2,Tottenham Hotspur,1,80.36363636363636,80.81818181818181,LLLWL,DWWDW,1
2023-05-13,Chelsea,2,Nottingham Forest,2,83.18181818181819,77.54545454545455,LWLDW,LLDWL,0
2023-05-13,Crystal Palace,2,AFC Bournemouth,0,79.0909090909091,74.54545454545455,DLWDL,DLLLW,1
2023-05-13,Manchester United,2,Wolverhampton Wanderers,0,82.0909090909091,78.0909090909091,WWWLL,DDLDL,1
2023-05-13,Southampton,0,Fulham,2,76.63636363636364,76.18181818181819,WLWDL,WLWDD,2
2023-05-08,Fulham,5,Leicester City,3,76.72727272727273,77.45454545454545,WLWDD,LLLLD,1
2023-05-08,Brighton & Hove Albion,1,Everton,5,78.27272727272727,77.63636363636364,LWWDW,DDDLL,2
2023-05-08,Nottingham Forest,4,Southampton,3,77.54545454545455,76.63636363636364,LLDWL,WLWDL,1
2023-05-07,Newcastle United,0,Arsenal,2,80.45454545454545,79.63636363636364,LDDDW,WWWWW,2
2023-05-07,West Ham United,1,Manchester United,0,79.36363636363636,83.45454545454545,DWLLL,WWWLL,1
2023-05-06,AFC Bournemouth,1,Chelsea,3,74.9090909090909,80.81818181818181,DLLLW,LWLDW,2
2023-05-06,Manchester City,2,Leeds United,1,79.63636363636364,75.81818181818181,WWDWW,DLWDW,1
2023-05-06,Tottenham Hotspur,1,Crystal Palace,0,80.81818181818181,82.45454545454545,DWWDW,DLWDL,1
2023-05-06,Wolverhampton Wanderers,1,Aston Villa,0,77.72727272727273,75.54545454545455,DDLDL,LLLWL,1
2023-05-06,Liverpool,1,Brentford,0,82.18181818181819,76.63636363636364,WWLDD,DDLWD,1
2023-05-04,Brighton & Hove Albion,1,Manchester United,0,78.27272727272727,83.45454545454545,LWWDW,WWWLL,1
2023-05-03,Liverpool,1,Fulham,0,82.18181818181819,76.72727272727273,WWLDD,WLWDD,1
2023-05-03,Manchester City,3,West Ham United,0,85.72727272727273,79.36363636363636,WWDWW,DWLLL,1
2023-05-02,Arsenal,3,Chelsea,1,79.63636363636364,80.81818181818181,WWWWW,LWLDW,1
2023-05-01,Leicester City,2,Everton,2,77.54545454545455,77.0909090909091,LLLLD,DDDLL,0
2023-04-30,AFC Bournemouth,4,Leeds United,1,81.18181818181819,76.36363636363636,DLLLW,DLWDW,1
2023-04-30,Fulham,1,Manchester City,2,80.81818181818181,85.72727272727273,WLWDD,WWDWW,2
2023-04-30,Manchester United,1,Aston Villa,0,83.36363636363636,78.0,WWWLL,LLLWL,1
2023-04-30,Newcastle United,3,Southampton,1,80.36363636363636,74.0909090909091,LDDDW,WLWDL,1
2023-04-30,Liverpool,4,Tottenham Hotspur,3,85.0909090909091,82.27272727272727,WWLDD,DWWDW,1
2023-04-29,Crystal Palace,4,West Ham United,3,77.0,79.18181818181819,DLWDL,DWLLL,1
2023-04-29,Brentford,2,Nottingham Forest,1,76.54545454545455,76.45454545454545,DDLWD,LLDWL,1
2023-04-29,Brighton & Hove Albion,6,Wolverhampton Wanderers,0,81.81818181818181,81.72727272727273,LWWDW,DDLDL,1
2023-04-27,Everton,1,Newcastle United,4,76.63636363636364,80.36363636363636,DDDLL,LDDDW,2
2023-04-27,Southampton,0,AFC Bournemouth,1,74.0909090909091,77.36363636363636,WLWDL,DLLLW,2
2023-04-27,Tottenham Hotspur,2,Manchester United,2,82.27272727272727,83.36363636363636,DWWDW,WWWLL,0
2023-04-26,Nottingham Forest,3,Brighton & Hove Albion,1,76.45454545454545,81.81818181818181,LLDWL,LWWDW,1
2023-04-26,Chelsea,0,Brentford,2,82.0909090909091,76.54545454545455,LWLDW,DDLWD,2
2023-04-26,West Ham United,1,Liverpool,2,78.9090909090909,85.0909090909091,DWLLL,WWLDD,2
2023-04-26,Manchester City,4,Arsenal,1,84.36363636363636,82.63636363636364,WWDWW,WWWWW,1
2023-04-25,Wolverhampton Wanderers,2,Crystal Palace,0,79.0909090909091,78.72727272727273,DDLDL,DLWDL,1
2023-04-25,Aston Villa,1,Fulham,0,78.0,75.63636363636364,LLLWL,WLWDD,1
2023-04-25,Leeds United,1,Leicester City,1,76.45454545454545,77.0909090909091,DLWDW,LLLLD,0
2023-04-23,AFC Bournemouth,0,West Ham United,4,74.0,79.0909090909091,DLLLW,DWLLL,2
2023-04-23,Newcastle United,6,Tottenham Hotspur,1,80.36363636363636,82.9090909090909,LDDDW,DWWDW,1
2023-04-22,Fulham,2,Leeds United,1,76.81818181818181,76.9090909090909,WLWDD,DLWDW,1
2023-04-22,Brentford,1,Aston Villa,1,77.54545454545455,78.81818181818181,DDLWD,LLLWL,0
2023-04-22,Crystal Palace,0,Everton,0,77.27272727272727,77.0909090909091,DLWDL,DDDLL,0
2023-04-22,Leicester City,2,Wolverhampton Wanderers,1,77.0909090909091,79.0,LLLLD,DDLDL,1
2023-04-22,Liverpool,3,Nottingham Forest,2,84.63636363636364,77.81818181818181,WWLDD,LLDWL,1
2023-04-21,Arsenal,3,Southampton,3,82.63636363636364,74.0909090909091,WWWWW,WLWDL,0
2023-04-17,Leeds United,1,Liverpool,6,76.0,79.81818181818181,DLWDW,WWLDD,2
2023-04-16,West Ham United,2,Arsenal,2,82.63636363636364,82.0909090909091,DWLLL,WWWWW,0
2023-04-16,Nottingham Forest,0,Manchester United,2,77.72727272727273,83.36363636363636,LLDWL,WWWLL,2
2023-04-15,Aston Villa,3,Newcastle United,0,78.81818181818181,80.36363636363636,LLLWL,LDDDW,1
2023-04-15,Chelsea,1,Brighton & Hove Albion,2,78.54545454545455,78.0,LWLDW,LWWDW,2
2023-04-15,Everton,1,Fulham,3,74.45454545454545,77.0,DDDLL,WLWDD,2
2023-04-15,Southampton,0,Crystal Palace,2,77.0909090909091,81.0,WLWDL,DLWDL,2
2023-04-15,Tottenham Hotspur,2,AFC Bournemouth,3,79.72727272727273,74.0909090909091,DWWDW,DLLLW,2
2023-04-15,Wolverhampton Wanderers,2,Brentford,0,78.27272727272727,76.63636363636364,DDLDL,DDLWD,1
2023-04-15,Manchester City,3,Leicester City,1,83.63636363636364,79.63636363636364,WWDWW,LLLLD,1
2023-04-09,Leeds United,1,Crystal Palace,5,76.36363636363636,77.27272727272727,DLWDW,DLWDL,2
2023-04-09,Liverpool,2,Arsenal,2,82.72727272727273,81.36363636363636,WWLDD,WWWWW,0
2023-04-08,Manchester United,2,Everton,0,83.27272727272727,76.9090909090909,WWWLL,DDDLL,1
2023-04-08,Aston Villa,2,Nottingham Forest,0,78.0,77.9090909090909,LLLWL,LLDWL,1
2023-04-08,Brentford,1,Newcastle United,2,78.36363636363636,80.54545454545455,DDLWD,LDDDW,2
2023-04-08,Fulham,0,West Ham United,1,76.54545454545455,79.0909090909091,WLWDD,DWLLL,2
2023-04-08,Leicester City,0,AFC Bournemouth,1,76.27272727272727,79.54545454545455,LLLLD,DLLLW,2
2023-04-08,Tottenham Hotspur,2,Brighton & Hove Albion,1,81.63636363636364,78.0909090909091,DWWDW,LWWDW,1
2023-04-08,Wolverhampton Wanderers,1,Chelsea,0,79.0909090909091,82.0909090909091,DDLDL,LWLDW,1
2023-04-08,Southampton,1,Manchester City,4,74.63636363636364,85.54545454545455,WLWDL,WWDWW,2
2023-04-05,Manchester United,1,Brentford,0,83.27272727272727,77.63636363636364,WWWLL,DDLWD,1
2023-04-05,West Ham United,1,Newcastle United,5,79.54545454545455,79.45454545454545,DWLLL,LDDDW,2
2023-04-04,AFC Bournemouth,0,Brighton & Hove Albion,2,76.27272727272727,82.63636363636364,DLLLW,LWWDW,2
2023-04-04,Leeds United,2,Nottingham Forest,1,76.0,77.45454545454545,DLWDW,LLDWL,1
2023-04-04,Leicester City,1,Aston Villa,2,76.27272727272727,78.72727272727273,LLLLD,LLLWL,2
2023-04-04,Chelsea,0,Liverpool,0,80.9090909090909,83.81818181818181,LWLDW,WWLDD,0
2023-04-03,Everton,1,Tottenham Hotspur,1,76.9090909090909,80.0909090909091,DDDLL,DWWDW,0
2023-04-02,West Ham United,1,Southampton,0,79.54545454545455,73.27272727272727,DWLLL,WLWDL,1
2023-04-02,Newcastle United,2,Manchester United,0,79.45454545454545,83.27272727272727,LDDDW,WWWLL,1
2023-04-01,Manchester City,4,Liverpool,1,85.72727272727273,84.81818181818181,WWDWW,WWLDD,1
2023-04-01,Arsenal,4,Leeds United,1,82.27272727272727,76.0,WWWWW,DLWDW,1
2023-04-01,AFC Bournemouth,2,Fulham,1,74.27272727272727,76.45454545454545,DLLLW,WLWDD,1
2023-04-01,Brighton & Hove Albion,3,Brentford,3,77.72727272727273,79.0909090909091,LWWDW,DDLWD,0
2023-04-01,Crystal Palace,2,Leicester City,1,76.9090909090909,78.36363636363636,DLWDL,LLLLD,1
2023-04-01,Nottingham Forest,1,Wolverhampton Wanderers,1,77.45454545454545,78.63636363636364,LLDWL,DDLDL,0
2023-04-01,Chelsea,0,Aston Villa,2,82.0909090909091,79.81818181818181,LWLDW,LLLWL,2
2023-03-19,Arsenal,4,Crystal Palace,1,79.45454545454545,77.27272727272727,WWWWW,DLWDL,1
2023-03-18,Aston Villa,3,AFC Bournemouth,0,78.72727272727273,74.36363636363636,LLLWL,DLLLW,1
2023-03-18,Brentford,1,Leicester City,1,76.0,77.54545454545455,DDLWD,LLLLD,0
2023-03-18,Southampton,3,Tottenham Hotspur,3,83.72727272727273,80.0909090909091,WLWDL,DWWDW,0
2023-03-18,Wolverhampton Wanderers,2,Leeds United,4,78.27272727272727,78.54545454545455,DDLDL,DLWDW,2
2023-03-18,Chelsea,2,Everton,2,82.0909090909091,77.36363636363636,LWLDW,DDDLL,0
2023-03-17,Nottingham Forest,1,Newcastle United,2,77.45454545454545,80.0909090909091,LLDWL,LDDDW,2
2023-03-15,Brighton & Hove Albion,1,Crystal Palace,0,77.63636363636364,79.0909090909091,LWWDW,DLWDL,1
2023-03-15,Southampton,0,Brentford,2,73.45454545454545,76.0,WLWDL,DDLWD,2
2023-03-12,Fulham,0,Arsenal,3,79.36363636363636,80.36363636363636,WLWDD,WWWWW,2
2023-03-12,Manchester United,0,Southampton,0,82.18181818181819,73.45454545454545,WWWLL,WLWDL,0
2023-03-12,West Ham United,1,Aston Villa,1,78.63636363636364,77.63636363636364,DWLLL,LLLWL,0
2023-03-12,Newcastle United,2,Wolverhampton Wanderers,1,79.63636363636364,77.9090909090909,LDDDW,DDLDL,1
2023-03-11,AFC Bournemouth,1,Liverpool,0,79.0,85.18181818181819,DLLLW,WWLDD,1
2023-03-11,Everton,1,Brentford,0,77.45454545454545,76.0,DDDLL,DDLWD,1
2023-03-11,Leeds United,2,Brighton & Hove Albion,2,77.45454545454545,77.63636363636364,DLWDW,LWWDW,0
2023-03-11,Leicester City,1,Chelsea,3,77.0909090909091,81.36363636363636,LLLLD,LWLDW,2
2023-03-11,Tottenham Hotspur,3,Nottingham Forest,1,82.18181818181819,78.27272727272727,DWWDW,LLDWL,1
2023-03-11,Crystal Palace,0,Manchester City,1,79.0909090909091,81.63636363636364,DLWDL,WWDWW,2
2023-03-06,Brentford,3,Fulham,2,76.0,79.36363636363636,DDLWD,WLWDD,1
2023-03-05,Nottingham Forest,2,Everton,2,78.27272727272727,77.45454545454545,LLDWL,DDDLL,0
2023-03-05,Liverpool,7,Manchester United,0,85.18181818181819,79.63636363636364,WWLDD,WWWLL,1
2023-03-04,Manchester City,2,Newcastle United,0,85.72727272727273,77.72727272727273,WWDWW,LDDDW,1
2023-03-04,Arsenal,3,AFC Bournemouth,2,81.81818181818181,73.9090909090909,WWWWW,DLLLW,1
2023-03-04,Aston Villa,1,Crystal Palace,0,78.9090909090909,77.54545454545455,LLLWL,DLWDL,1
2023-03-04,Brighton & Hove Albion,4,West Ham United,0,77.72727272727273,77.54545454545455,LWWDW,DWLLL,1
2023-03-04,Chelsea,1,Leeds United,0,78.54545454545455,76.45454545454545,LWLDW,DLWDW,1
2023-03-04,Wolverhampton Wanderers,1,Tottenham Hotspur,0,79.0,81.27272727272727,DDLDL,DWWDW,1
2023-03-04,Southampton,1,Leicester City,0,73.9090909090909,77.0909090909091,WLWDL,LLLLD,1
2023-03-01,Arsenal,4,Everton,0,81.81818181818181,76.72727272727273,WWWWW,DDDLL,1
2023-03-01,Liverpool,2,Wolverhampton Wanderers,0,84.36363636363636,77.81818181818181,WWLDD,DDLDL,1
2023-02-26,Tottenham Hotspur,2,Chelsea,0,81.9090909090909,80.63636363636364,DWWDW,LWLDW,1
2023-02-25,Everton,0,Aston Villa,2,77.63636363636364,77.63636363636364,DDDLL,LLLWL,2
2023-02-25,Leeds United,1,Southampton,0,76.63636363636364,73.54545454545455,DLWDW,WLWDL,1
2023-02-25,Leicester City,0,Arsenal,1,78.81818181818181,82.0909090909091,LLLLD,WWWWW,2
2023-02-25,West Ham United,4,Nottingham Forest,0,80.54545454545455,77.63636363636364,DWLLL,LLDWL,1
2023-02-25,AFC Bournemouth,1,Manchester City,4,73.54545454545455,85.72727272727273,DLLLW,WWDWW,2
2023-02-25,Crystal Palace,0,Liverpool,0,80.72727272727273,78.81818181818181,DLWDL,WWLDD,0
2023-02-24,Fulham,1,Wolverhampton Wanderers,1,76.72727272727273,77.81818181818181,WLWDD,DDLDL,0
2023-02-19,Manchester United,3,Leicester City,0,82.9090909090909,77.27272727272727,WWWLL,LLLLD,1
2023-02-19,Tottenham Hotspur,2,West Ham United,0,79.72727272727273,79.45454545454545,DWWDW,DWLLL,1
2023-02-18,Aston Villa,2,Arsenal,4,77.63636363636364,82.27272727272727,LLLWL,WWWWW,2
2023-02-18,Brentford,1,Crystal Palace,1,76.45454545454545,77.72727272727273,DDLWD,DLWDL,0
2023-02-18,Brighton & Hove Albion,0,Fulham,1,78.18181818181819,80.54545454545455,LWWDW,WLWDD,2
2023-02-18,Chelsea,0,Southampton,1,79.45454545454545,73.54545454545455,LWLDW,WLWDL,2
2023-02-18,Everton,1,Leeds United,0,77.54545454545455,77.27272727272727,DDDLL,DLWDW,1
2023-02-18,Nottingham Forest,1,Manchester City,1,76.54545454545455,85.72727272727273,LLDWL,WWDWW,0
2023-02-18,Wolverhampton Wanderers,0,AFC Bournemouth,1,77.18181818181819,73.72727272727273,DDLDL,DLLLW,2
2023-02-18,Newcastle United,0,Liverpool,2,80.0909090909091,84.0909090909091,LDDDW,WWLDD,2
2023-02-15,Arsenal,1,Manchester City,3,82.27272727272727,85.72727272727273,WWWWW,WWDWW,2
2023-02-13,Liverpool,2,Everton,0,83.0909090909091,77.63636363636364,WWLDD,DDDLL,1
2023-02-12,Leeds United,0,Manchester United,2,81.18181818181819,83.45454545454545,DLWDW,WWWLL,2
2023-02-12,Manchester City,3,Aston Villa,1,81.81818181818181,78.0,WWDWW,LLLWL,1
2023-02-11,West Ham United,1,Chelsea,1,77.18181818181819,80.54545454545455,DWLLL,LWLDW,0
2023-02-11,Arsenal,1,Brentford,1,82.27272727272727,73.81818181818181,WWWWW,DDLWD,0
2023-02-11,Crystal Palace,1,Brighton & Hove Albion,1,77.63636363636364,77.0909090909091,DLWDL,LWWDW,0
2023-02-11,Fulham,2,Nottingham Forest,0,78.9090909090909,77.36363636363636,WLWDD,LLDWL,1
2023-02-11,Leicester City,4,Tottenham Hotspur,1,78.81818181818181,82.63636363636364,LLLLD,DWWDW,1
2023-02-11,Southampton,1,Wolverhampton Wanderers,2,74.36363636363636,76.9090909090909,WLWDL,DDLDL,2
2023-02-11,AFC Bournemouth,1,Newcastle United,1,74.54545454545455,80.0909090909091,DLLLW,LDDDW,0
2023-02-08,Manchester United,2,Leeds United,2,82.72727272727273,76.18181818181819,WWWLL,DLWDW,0
2023-02-05,Nottingham Forest,1,Leeds United,0,76.63636363636364,76.18181818181819,LLDWL,DLWDW,1
2023-02-05,Tottenham Hotspur,1,Manchester City,0,81.27272727272727,81.81818181818181,DWWDW,WWDWW,1
2023-02-04,Everton,1,Arsenal,0,76.9090909090909,81.0,DDDLL,WWWWW,1
2023-02-04,Aston Villa,2,Leicester City,4,77.9090909090909,80.36363636363636,LLLWL,LLLLD,2
2023-02-04,Brentford,3,Southampton,0,75.0,75.36363636363636,DDLWD,WLWDL,1
2023-02-04,Brighton & Hove Albion,1,AFC Bournemouth,0,77.0909090909091,74.63636363636364,LWWDW,DLLLW,1
2023-02-04,Manchester United,2,Crystal Palace,1,82.72727272727273,77.18181818181819,WWWLL,DLWDL,1
2023-02-04,Wolverhampton Wanderers,3,Liverpool,0,79.63636363636364,85.0909090909091,DDLDL,WWLDD,1
2023-02-04,Newcastle United,1,West Ham United,1,83.36363636363636,79.81818181818181,LDDDW,DWLLL,0
2023-02-03,Chelsea,0,Fulham,0,81.54545454545455,76.18181818181819,LWLDW,WLWDD,0
2023-01-23,Fulham,0,Tottenham Hotspur,1,76.18181818181819,81.27272727272727,WLWDD,DWWDW,2
2023-01-22,Leeds United,0,Brentford,0,76.0909090909091,77.81818181818181,DLWDW,DDLWD,0
2023-01-22,Manchester City,3,Wolverhampton Wanderers,0,82.45454545454545,77.0909090909091,WWDWW,DDLDL,1
2023-01-22,Arsenal,3,Manchester United,2,81.72727272727273,83.27272727272727,WWWWW,WWWLL,1
2023-01-21,Liverpool,0,Chelsea,0,81.27272727272727,83.63636363636364,WWLDD,LWLDW,0
2023-01-21,AFC Bournemouth,1,Nottingham Forest,1,76.0909090909091,75.27272727272727,DLLLW,LLDWL,0
2023-01-21,Leicester City,2,Brighton & Hove Albion,2,78.81818181818181,79.54545454545455,LLLLD,LWWDW,0
2023-01-21,Southampton,0,Aston Villa,1,74.63636363636364,79.27272727272727,WLWDL,LLLWL,2
2023-01-21,West Ham United,2,Everton,0,79.63636363636364,77.27272727272727,DWLLL,DDDLL,1
2023-01-21,Crystal Palace,0,Newcastle United,0,81.0909090909091,78.18181818181819,DLWDL,LDDDW,0
2023-01-19,Manchester City,4,Tottenham Hotspur,2,82.45454545454545,79.54545454545455,WWDWW,DWWDW,1
2023-01-18,Crystal Palace,1,Manchester United,1,81.0909090909091,83.45454545454545,DLWDL,WWWLL,0
2023-01-15,Chelsea,1,Crystal Palace,0,81.81818181818181,77.18181818181819,LWLDW,DLWDL,1
2023-01-15,Newcastle United,1,Fulham,0,80.54545454545455,80.18181818181819,LDDDW,WLWDD,1
2023-01-15,Tottenham Hotspur,0,Arsenal,2,82.36363636363636,82.18181818181819,DWWDW,WWWWW,2
2023-01-14,Manchester United,2,Manchester City,1,83.45454545454545,87.0,WWWLL,WWDWW,1
2023-01-14,Brighton & Hove Albion,3,Liverpool,0,80.0,81.27272727272727,LWWDW,WWLDD,1
2023-01-14,Everton,1,Southampton,2,76.63636363636364,77.63636363636364,DDDLL,WLWDL,2
2023-01-14,Nottingham Forest,2,Leicester City,0,75.27272727272727,79.45454545454545,LLDWL,LLLLD,1
2023-01-14,Wolverhampton Wanderers,1,West Ham United,0,77.0909090909091,79.72727272727273,DDLDL,DWLLL,1
2023-01-14,Brentford,2,AFC Bournemouth,0,75.54545454545455,75.18181818181819,DDLWD,DLLLW,1
2023-01-13,Aston Villa,2,Leeds United,1,79.27272727272727,78.27272727272727,LLLWL,DLWDW,1
2023-01-12,Fulham,2,Chelsea,1,80.18181818181819,81.81818181818181,WLWDD,LWLDW,1
2023-01-05,Chelsea,0,Manchester City,1,81.81818181818181,87.0,LWLDW,WWDWW,2
2023-01-04,Southampton,0,Nottingham Forest,1,82.27272727272727,75.27272727272727,WLWDL,LLDWL,2
2023-01-04,Leeds United,2,West Ham United,2,82.81818181818181,79.72727272727273,DLWDW,DWLLL,0
2023-01-04,Aston Villa,1,Wolverhampton Wanderers,1,79.27272727272727,77.0909090909091,LLLWL,DDLDL,0
2023-01-04,Crystal Palace,0,Tottenham Hotspur,4,77.18181818181819,82.36363636363636,DLWDL,DWWDW,2
2023-01-03,Arsenal,0,Newcastle United,0,82.18181818181819,80.54545454545455,WWWWW,LDDDW,0
2023-01-03,Everton,1,Brighton & Hove Albion,4,76.63636363636364,80.0,DDDLL,LWWDW,2
2023-01-03,Leicester City,0,Fulham,1,79.45454545454545,80.18181818181819,LLLLD,WLWDD,2
2023-01-03,Manchester United,3,AFC Bournemouth,0,83.45454545454545,75.18181818181819,WWWLL,DLLLW,1
2023-01-02,Brentford,3,Liverpool,1,75.54545454545455,81.27272727272727,DDLWD,WWLDD,1
2023-01-01,Tottenham Hotspur,0,Aston Villa,2,82.36363636363636,79.27272727272727,DWWDW,LLLWL,2
2023-01-01,Nottingham Forest,1,Chelsea,1,75.81818181818181,81.81818181818181,LLDWL,LWLDW,0
2022-12-31,Wolverhampton Wanderers,0,Manchester United,1,77.0909090909091,83.45454545454545,DDLDL,WWWLL,2
2022-12-31,AFC Bournemouth,0,Crystal Palace,2,75.18181818181819,77.18181818181819,DLLLW,DLWDL,2
2022-12-31,Fulham,2,Southampton,1,77.54545454545455,82.27272727272727,WLWDD,WLWDL,1
2022-12-31,Manchester City,1,Everton,1,87.0,76.63636363636364,WWDWW,DDDLL,0
2022-12-31,Newcastle United,0,Leeds United,0,80.54545454545455,82.81818181818181,LDDDW,DLWDW,0
2022-12-31,Brighton & Hove Albion,2,Arsenal,4,80.0,81.63636363636364,LWWDW,WWWWW,2
2022-12-30,West Ham United,0,Brentford,2,79.63636363636364,75.54545454545455,DWLLL,DDLWD,2
2022-12-30,Liverpool,2,Leicester City,1,81.27272727272727,79.81818181818181,WWLDD,LLLLD,1
2022-12-28,Leeds United,1,Manchester City,3,76.63636363636364,87.0,DLWDW,WWDWW,2
2022-12-27,Chelsea,2,AFC Bournemouth,0,83.0,74.81818181818181,LWLDW,DLLLW,1
2022-12-27,Manchester United,3,Nottingham Forest,0,82.81818181818181,75.81818181818181,WWWLL,LLDWL,1
2022-12-26,Brentford,2,Tottenham Hotspur,2,75.54545454545455,80.81818181818181,DDLWD,DWWDW,0
2022-12-26,Crystal Palace,0,Fulham,3,77.18181818181819,77.54545454545455,DLWDL,WLWDD,2
2022-12-26,Everton,1,Wolverhampton Wanderers,2,77.27272727272727,78.18181818181819,DDDLL,DDLDL,2
2022-12-26,Leicester City,0,Newcastle United,3,79.81818181818181,79.36363636363636,LLLLD,LDDDW,2
2022-12-26,Southampton,1,Brighton & Hove Albion,3,77.0909090909091,76.9090909090909,WLWDL,LWWDW,2
2022-12-26,Aston Villa,1,Liverpool,3,80.27272727272727,82.9090909090909,LLLWL,WWLDD,2
2022-12-26,Arsenal,3,West Ham United,1,81.63636363636364,79.63636363636364,WWWWW,DWLLL,1
2022-11-13,Brighton & Hove Albion,1,Aston Villa,2,77.27272727272727,79.0,LWWDW,LLLWL,2
2022-11-13,Fulham,1,Manchester United,2,78.54545454545455,77.45454545454545,WLWDD,WWWLL,2
2022-11-12,Manchester City,1,Brentford,2,81.0909090909091,77.0909090909091,WWDWW,DDLWD,2
2022-11-12,AFC Bournemouth,3,Everton,0,78.36363636363636,77.36363636363636,DLLLW,DDDLL,1
2022-11-12,Liverpool,3,Southampton,1,84.36363636363636,74.63636363636364,WWLDD,WLWDL,1
2022-11-12,Nottingham Forest,1,Crystal Palace,0,75.63636363636364,76.9090909090909,LLDWL,DLWDL,1
2022-11-12,Tottenham Hotspur,4,Leeds United,3,80.18181818181819,77.72727272727273,DWWDW,DLWDW,1
2022-11-12,West Ham United,0,Leicester City,2,79.45454545454545,79.45454545454545,DWLLL,LLLLD,2
2022-11-12,Newcastle United,1,Chelsea,0,78.27272727272727,83.45454545454545,LDDDW,LWLDW,1
2022-11-12,Wolverhampton Wanderers,0,Arsenal,2,77.45454545454545,81.0909090909091,DDLDL,WWWWW,2
2022-11-06,Chelsea,0,Arsenal,1,81.0909090909091,80.0909090909091,LWLDW,WWWWW,2
2022-11-06,Aston Villa,3,Manchester United,1,79.54545454545455,77.45454545454545,LLLWL,WWWLL,1
2022-11-06,Southampton,1,Newcastle United,4,75.45454545454545,78.27272727272727,WLWDL,LDDDW,2
2022-11-06,West Ham United,1,Crystal Palace,2,82.27272727272727,77.0909090909091,DWLLL,DLWDL,2
2022-11-06,Tottenham Hotspur,1,Liverpool,2,77.72727272727273,85.0909090909091,DWWDW,WWLDD,2
2022-11-05,Leeds United,4,AFC Bournemouth,3,76.63636363636364,74.72727272727273,DLWDW,DLLLW,1
2022-11-05,Manchester City,2,Fulham,1,85.27272727272727,76.9090909090909,WWDWW,WLWDD,1
2022-11-05,Nottingham Forest,2,Brentford,2,75.63636363636364,77.36363636363636,LLDWL,DDLWD,0
2022-11-05,Wolverhampton Wanderers,2,Brighton & Hove Albion,3,77.45454545454545,76.36363636363636,DDLDL,LWWDW,2
2022-11-05,Everton,0,Leicester City,2,77.36363636363636,80.81818181818181,DDDLL,LLLLD,2
2022-10-30,Arsenal,5,Nottingham Forest,0,79.81818181818181,75.63636363636364,WWWWW,LLDWL,1
2022-10-30,Manchester United,1,West Ham United,0,77.45454545454545,82.27272727272727,WWWLL,DWLLL,1
2022-10-29,Leicester City,0,Manchester City,1,80.81818181818181,85.27272727272727,LLLLD,WWDWW,2
2022-10-29,AFC Bournemouth,2,Tottenham Hotspur,3,74.72727272727273,77.72727272727273,DLLLW,DWWDW,2
2022-10-29,Brentford,1,Wolverhampton Wanderers,1,77.36363636363636,77.45454545454545,DDLWD,DDLDL,0
2022-10-29,Brighton & Hove Albion,4,Chelsea,1,76.36363636363636,81.0909090909091,LWWDW,LWLDW,1
2022-10-29,Crystal Palace,1,Southampton,0,77.0909090909091,75.45454545454545,DLWDL,WLWDL,1
2022-10-29,Newcastle United,4,Aston Villa,0,78.27272727272727,79.54545454545455,LDDDW,LLLWL,1
2022-10-29,Fulham,0,Everton,0,76.9090909090909,77.36363636363636,WLWDD,DDDLL,0
2022-10-29,Liverpool,1,Leeds United,2,85.0909090909091,76.63636363636364,WWLDD,DLWDW,2
2022-10-24,West Ham United,2,AFC Bournemouth,0,82.27272727272727,74.72727272727273,DWLLL,DLLLW,1
2022-10-23,Aston Villa,4,Brentford,0,79.54545454545455,77.36363636363636,LLLWL,DDLWD,1
2022-10-23,Leeds United,2,Fulham,3,76.63636363636364,76.9090909090909,DLWDW,WLWDD,2
2022-10-23,Southampton,1,Arsenal,1,75.45454545454545,79.81818181818181,WLWDL,WWWWW,0
2022-10-23,Wolverhampton Wanderers,0,Leicester City,4,77.45454545454545,80.81818181818181,DDLDL,LLLLD,2
2022-10-23,Tottenham Hotspur,1,Newcastle United,2,77.72727272727273,78.27272727272727,DWWDW,LDDDW,2
2022-10-22,Nottingham Forest,1,Liverpool,0,75.63636363636364,85.0909090909091,LLDWL,WWLDD,1
2022-10-22,Everton,3,Crystal Palace,0,77.36363636363636,77.0909090909091,DDDLL,DLWDL,1
2022-10-22,Manchester City,3,Brighton & Hove Albion,1,85.27272727272727,76.36363636363636,WWDWW,LWWDW,1
2022-10-22,Chelsea,1,Manchester United,1,81.0909090909091,82.0909090909091,LWLDW,WWWLL,0
2022-10-20,Fulham,3,Aston Villa,0,76.9090909090909,79.54545454545455,WLWDD,LLLWL,1
2022-10-20,Leicester City,2,Leeds United,0,80.81818181818181,76.63636363636364,LLLLD,DLWDW,1
2022-10-19,AFC Bournemouth,0,Southampton,1,74.72727272727273,75.45454545454545,DLLLW,WLWDL,2
2022-10-19,Brentford,0,Chelsea,0,77.36363636363636,81.0909090909091,DDLWD,LWLDW,0
2022-10-19,Liverpool,1,West Ham United,0,85.0909090909091,82.27272727272727,WWLDD,DWLLL,1
2022-10-19,Newcastle United,1,Everton,0,78.27272727272727,77.36363636363636,LDDDW,DDDLL,1
2022-10-19,Manchester United,2,Tottenham Hotspur,0,82.0909090909091,77.72727272727273,WWWLL,DWWDW,1
2022-10-18,Brighton & Hove Albion,0,Nottingham Forest,0,76.36363636363636,75.63636363636364,LWWDW,LLDWL,0
2022-10-18,Crystal Palace,2,Wolverhampton Wanderers,1,77.0909090909091,77.45454545454545,DLWDL,DDLDL,1
2022-10-16,Aston Villa,0,Chelsea,2,78.9090909090909,83.9090909090909,LLLWL,LWLDW,2
2022-10-16,Leeds United,0,Arsenal,1,76.63636363636364,80.81818181818181,DLWDW,WWWWW,2
2022-10-16,Manchester United,0,Newcastle United,0,82.0909090909091,77.0,WWWLL,LDDDW,0
2022-10-16,Southampton,1,West Ham United,1,75.45454545454545,79.81818181818181,WLWDL,DWLLL,0
2022-10-16,Liverpool,1,Manchester City,0,85.45454545454545,86.54545454545455,WWLDD,WWDWW,1
2022-10-15,Leicester City,0,Crystal Palace,0,78.81818181818181,77.0909090909091,LLLLD,DLWDL,0
2022-10-15,Fulham,2,AFC Bournemouth,2,75.0909090909091,75.0,WLWDD,DLLLW,0
2022-10-15,Wolverhampton Wanderers,1,Nottingham Forest,0,77.9090909090909,76.54545454545455,DDLDL,LLDWL,1
2022-10-15,Tottenham Hotspur,2,Everton,0,82.36363636363636,76.9090909090909,DWWDW,DDDLL,1
2022-10-14,Brentford,2,Brighton & Hove Albion,0,75.36363636363636,76.0909090909091,DDLWD,LWWDW,1
2022-10-10,Nottingham Forest,1,Aston Villa,1,76.54545454545455,78.9090909090909,LLDWL,LLLWL,0
2022-10-09,Crystal Palace,2,Leeds United,1,77.27272727272727,76.63636363636364,DLWDL,DLWDW,1
2022-10-09,West Ham United,3,Fulham,1,79.81818181818181,75.0909090909091,DWLLL,WLWDD,1
2022-10-09,Arsenal,3,Liverpool,2,80.81818181818181,85.45454545454545,WWWWW,WWLDD,1
2022-10-09,Everton,1,Manchester United,2,76.9090909090909,82.0909090909091,DDDLL,WWWLL,2
2022-10-08,AFC Bournemouth,2,Leicester City,1,75.0,78.81818181818181,DLLLW,LLLLD,1
2022-10-08,Chelsea,3,Wolverhampton Wanderers,0,83.9090909090909,77.9090909090909,LWLDW,DDLDL,1
2022-10-08,Manchester City,4,Southampton,0,86.54545454545455,75.81818181818181,WWDWW,WLWDL,1
2022-10-08,Newcastle United,5,Brentford,1,77.0,75.36363636363636,LDDDW,DDLWD,1
2022-10-08,Brighton & Hove Albion,0,Tottenham Hotspur,1,76.0909090909091,82.36363636363636,LWWDW,DWWDW,2
2022-10-03,Leicester City,4,Nottingham Forest,0,78.81818181818181,76.54545454545455,LLLLD,LLDWL,1
2022-10-02,Manchester City,6,Manchester United,3,82.63636363636364,82.0909090909091,WWDWW,WWWLL,1
2022-10-02,Leeds United,0,Aston Villa,0,76.63636363636364,78.54545454545455,DLWDW,LLLWL,0
2022-10-01,Arsenal,3,Tottenham Hotspur,1,80.45454545454545,82.0909090909091,WWWWW,DWWDW,1
2022-10-01,AFC Bournemouth,0,Brentford,0,76.9090909090909,75.45454545454545,DLLLW,DDLWD,0
2022-10-01,Crystal Palace,1,Chelsea,2,77.27272727272727,84.9090909090909,DLWDL,LWLDW,2
2022-10-01,Fulham,1,Newcastle United,4,76.18181818181819,78.0,WLWDD,LDDDW,2
2022-10-01,Liverpool,3,Brighton & Hove Albion,3,84.9090909090909,76.0909090909091,WWLDD,LWWDW,0
2022-10-01,Southampton,1,Everton,2,75.81818181818181,76.72727272727273,WLWDL,DDDLL,2
2022-10-01,West Ham United,2,Wolverhampton Wanderers,0,79.54545454545455,78.45454545454545,DWLLL,DDLDL,1
2022-09-18,Brentford,0,Arsenal,3,75.0,80.9090909090909,DDLWD,WWWWW,2
2022-09-18,Everton,1,West Ham United,0,75.72727272727273,81.0909090909091,DDDLL,DWLLL,1
2022-09-17,Wolverhampton Wanderers,0,Manchester City,3,78.36363636363636,86.18181818181819,DDLDL,WWDWW,2
2022-09-17,Newcastle United,1,AFC Bournemouth,1,78.0,76.9090909090909,LDDDW,DLLLW,0
2022-09-17,Tottenham Hotspur,6,Leicester City,2,80.18181818181819,79.81818181818181,DWWDW,LLLLD,1
2022-09-16,Aston Villa,1,Southampton,0,78.36363636363636,76.18181818181819,LLLWL,WLWDL,1
2022-09-16,Nottingham Forest,2,Fulham,3,74.0909090909091,76.27272727272727,LLDWL,WLWDD,2
2022-09-04,Brighton & Hove Albion,5,Leicester City,2,76.72727272727273,79.45454545454545,LWWDW,LLLLD,1
2022-09-04,Manchester United,3,Arsenal,1,79.72727272727273,79.72727272727273,WWWLL,WWWWW,1
2022-09-03,Everton,0,Liverpool,0,77.36363636363636,84.72727272727273,DDDLL,WWLDD,0
2022-09-03,Brentford,5,Leeds United,2,74.9090909090909,77.0909090909091,DDLWD,DLWDW,1
2022-09-03,Chelsea,2,West Ham United,1,84.0909090909091,80.18181818181819,LWLDW,DWLLL,1
2022-09-03,Newcastle United,0,Crystal Palace,0,79.0909090909091,76.9090909090909,LDDDW,DLWDL,0
2022-09-03,Nottingham Forest,2,AFC Bournemouth,3,74.45454545454545,73.81818181818181,LLDWL,DLLLW,2
2022-09-03,Tottenham Hotspur,2,Fulham,1,82.0909090909091,75.0,DWWDW,WLWDD,1
2022-09-03,Wolverhampton Wanderers,1,Southampton,0,78.54545454545455,75.63636363636364,DDLDL,WLWDL,1
2022-09-03,Aston Villa,1,Manchester City,1,80.45454545454545,84.27272727272727,LLLWL,WWDWW,0
2022-09-01,Leicester City,0,Manchester United,1,79.45454545454545,79.72727272727273,LLLD,WWLL,2
2022-08-31,Arsenal,2,Aston Villa,1,79.72727272727273,80.45454545454545,WWWW,LLWL,1
2022-08-31,AFC Bournemouth,0,Wolverhampton Wanderers,0,73.81818181818181,78.54545454545455,LLLW,DLDL,0
2022-08-31,Manchester City,6,Nottingham Forest,0,84.27272727272727,74.45454545454545,WDWW,LDWL,1
2022-08-31,West Ham United,1,Tottenham Hotspur,1,80.18181818181819,82.0909090909091,WLLL,WWDW,0
2022-08-31,Liverpool,2,Newcastle United,1,84.72727272727273,79.0909090909091,WLDD,DDDW,1
2022-08-30,Crystal Palace,1,Brentford,1,76.9090909090909,74.9090909090909,LWDL,DLWD,0
2022-08-30,Fulham,2,Brighton & Hove Albion,1,75.0,76.72727272727273,LWDD,WWDW,1
2022-08-30,Southampton,2,Chelsea,1,75.63636363636364,84.0909090909091,LWDL,WLDW,1
2022-08-30,Leeds United,1,Everton,1,77.0909090909091,77.36363636363636,LWDW,DDLL,0
2022-08-28,Aston Villa,0,West Ham United,1,80.45454545454545,80.18181818181819,LWL,LLL,2
2022-08-28,Wolverhampton Wanderers,1,Newcastle United,1,78.54545454545455,79.0909090909091,LDL,DDW,0
2022-08-28,Nottingham Forest,0,Tottenham Hotspur,2,74.45454545454545,82.0909090909091,DWL,WDW,2
2022-08-27,Southampton,0,Manchester United,1,75.63636363636364,79.72727272727273,WDL,WLL,2
2022-08-27,Brentford,1,Everton,1,74.9090909090909,77.36363636363636,LWD,DLL,0
2022-08-27,Brighton & Hove Albion,1,Leeds United,0,76.72727272727273,77.0909090909091,WDW,WDW,1
2022-08-27,Chelsea,2,Leicester City,1,84.0909090909091,79.45454545454545,LDW,LLD,1
2022-08-27,Liverpool,9,AFC Bournemouth,0,84.72727272727273,73.81818181818181,LDD,LLW,1
2022-08-27,Manchester City,4,Crystal Palace,2,84.27272727272727,76.9090909090909,DWW,WDL,1
2022-08-27,Arsenal,2,Fulham,1,79.72727272727273,75.0,WWW,WDD,1
2022-08-22,Manchester United,2,Liverpool,1,79.72727272727273,84.72727272727273,LL,DD,1
2022-08-21,Leeds United,3,Chelsea,0,77.0909090909091,84.0909090909091,DW,DW,1
2022-08-21,West Ham United,0,Brighton & Hove Albion,2,80.18181818181819,76.72727272727273,LL,DW,2
2022-08-21,Newcastle United,3,Manchester City,3,79.0909090909091,84.27272727272727,DW,WW,0
2022-08-20,Tottenham Hotspur,1,Wolverhampton Wanderers,0,82.0909090909091,78.54545454545455,DW,DL,1
2022-08-20,Crystal Palace,3,Aston Villa,1,76.9090909090909,80.45454545454545,DL,WL,1
2022-08-20,Everton,1,Nottingham Forest,1,77.36363636363636,74.45454545454545,LL,WL,0
2022-08-20,Fulham,3,Brentford,2,75.0,74.9090909090909,DD,WD,1
2022-08-20,Leicester City,1,Southampton,2,79.45454545454545,75.63636363636364,LD,DL,2
2022-08-20,AFC Bournemouth,0,Arsenal,3,73.81818181818181,79.72727272727273,LW,WW,2
2022-08-15,Liverpool,1,Crystal Palace,1,84.72727272727273,76.9090909090909,D,L,0
2022-08-14,Nottingham Forest,1,West Ham United,0,74.45454545454545,80.18181818181819,L,L,1
2022-08-14,Chelsea,2,Tottenham Hotspur,2,84.0909090909091,82.0909090909091,W,W,0
2022-08-13,Aston Villa,2,Everton,1,80.45454545454545,77.36363636363636,L,L,1
2022-08-13,Arsenal,4,Leicester City,2,79.72727272727273,79.45454545454545,W,D,1
2022-08-13,Brighton & Hove Albion,0,Newcastle United,0,76.72727272727273,79.0909090909091,W,W,0
2022-08-13,Manchester City,4,AFC Bournemouth,0,84.27272727272727,73.81818181818181,W,W,1
2022-08-13,Southampton,2,Leeds United,2,75.63636363636364,77.0909090909091,L,W,0
2022-08-13,Wolverhampton Wanderers,0,Fulham,0,78.54545454545455,75.0,L,D,0
2022-08-13,Brentford,4,Manchester United,0,74.9090909090909,79.72727272727273,D,L,1
2022-08-07,Leicester City,2,Brentford,2,79.45454545454545,74.9090909090909,,,0
2022-08-07,Manchester United,1,Brighton & Hove Albion,2,79.72727272727273,76.72727272727273,,,2
2022-08-07,West Ham United,0,Manchester City,2,80.18181818181819,84.27272727272727,,,2
2022-08-06,Fulham,2,Liverpool,2,75.0,84.72727272727273,,,0
2022-08-06,AFC Bournemouth,2,Aston Villa,0,73.81818181818181,80.45454545454545,,,1
2022-08-06,Leeds United,2,Wolverhampton Wanderers,1,77.0909090909091,78.54545454545455,,,1
2022-08-06,Newcastle United,2,Nottingham Forest,0,79.0909090909091,74.45454545454545,,,1
2022-08-06,Tottenham Hotspur,4,Southampton,1,82.0909090909091,75.63636363636364,,,1
2022-08-06,Everton,0,Chelsea,1,77.36363636363636,84.0909090909091,,,2
2022-08-05,Crystal Palace,0,Arsenal,2,76.9090909090909,79.72727272727273,,,2
